{
    "N": 64,
    "n": 6,
    "K": 32,
    "frozen": [
        22,
        38,
        49,
        26,
        42,
        3,
        28,
        50,
        5,
        44,
        9,
        52,
        6,
        17,
        10,
        33,
        56,
        18,
        12,
        34,
        20,
        36,
        1,
        24,
        40,
        48,
        2,
        4,
        8,
        16,
        32,
        0
    ],
    "construction_type": "bb",
    "punct_flag": false,
    "punct_type": "",
    "punct_set": [],
    "source_set": [],
    "punct_algorithm": "",
    "update_frozen_flag": null,
    "BER": [
        0.09709375,
        0.03740625,
        0.00815625,
        0.0010184612211221122
    ],
    "FER": [
        0.313,
        0.126,
        0.03,
        0.004125412541254125
    ],
    "SNR": [
        1,
        2,
        3,
        4
    ]
}