{
    "N": 64,
    "K": 32,
    "SNR": [
        1,
        2,
        3,
        4
    ],
    "BER": [
        0.09709375,
        0.03740625,
        0.00815625,
        0.0010184612211221122
    ],
    "FER": [
        0.313,
        0.126,
        0.03,
        0.004125412541254125
    ]
}